Customer ID,Total Output Energy,,,,,,,,,,,,,,,,,,,,,,,,,,,,,
,1-Jun,2-Jun,3-Jun,4-Jun,5-Jun,6-Jun,7-Jun,8-Jun,9-Jun,10-Jun,11-Jun,12-Jun,13-Jun,14-Jun,15-Jun,16-Jun,17-Jun,18-Jun,19-Jun,20-Jun,21-Jun,22-Jun,23-Jun,24-Jun,25-Jun,26-Jun,27-Jun,28-Jun,29-Jun,30-Jun
PK01000128051001,23120.71,23149.51,23179.37,23207.38,23234.17,23258.14,23284.81,23311.19,23336.05,23363.1,23389.72,23415.44,23440.81,23466.57,23496.51,23524.93,23550.36,23575.7,23603.1,23631.01,23662.23,23690.89,23716.68,23743.89,23769.33,23794.62,23821.2,23845.06,23869.26,23893.34
PK01000128056001,12535730,12541698,12547340,12552894,12558386,12563854,12569176,12574438,12579776,12584860,12590036,12595570,12600736,12606594,12612546,12618564,12623680,12628754,12634640,12641070,12647316,12653548,12659156,12665114,12670244,12675936,12681722,12687176,12692462,12697720
PK01000128062001,58555.68,58586.1,58615.2,58644.49,58671.04,58697.2,58723.89,58751.38,58779.12,58805.82,58833.05,58860.92,58887.19,58916.17,58946.26,58976.08,59003.65,59029.36,59058.05,59089.25,59120.62,59151.56,59180.96,59209.26,59235.15,59261.71,59290.34,59317.69,59345.19,59372.03
PK01000128120001,4277652.8,4280560,4283621.6,4286784,4289288,4291677.6,4294192.8,4296756,4299262.4,4301822.4,4304664,4307248.8,4309675.2,4312492.8,4315473.6,4318349.6,4321105.6,4323928,4326712,4329852.8,4332912,4335949.6,4338801.6,4341719.2,4344395.2,4347009.6,4349770.4,4352326.4,4354788,4357252.8
PK01000128128001,60866.86,60898.26,60931.67,60964.24,60991.9,61018.43,61045.25,61073.21,61101.03,61129.44,61157.95,61186.11,61211.95,61241.72,61274.1,61305.32,61334.64,61362.22,61393.16,61428.36,61462.62,61496.42,61527.73,61559.69,61587.29,61617.11,61647.62,61675.97,61702.91,61729.88
PK01000128130001,75484.09,75503.27,75523.79,75545.56,75562.57,75579.01,75595.57,75612.68,75629.93,75647.65,75666.35,75683.59,75699.6,75717.93,75737.46,75756.3,75775.62,75794.31,75812.95,75833.58,75853.99,75873.72,75892.71,75912.5,75930.74,75948.46,75967.32,75984.85,76001.8,76018.38
PK01000128161001,63939.5,63963.33,63988.93,64014.52,64035.07,64055.35,64075.66,64096.99,64118.19,64140.05,64163.19,64183.98,64203.87,64226.65,64251.05,64275.61,64298.51,64320.89,64344.87,64370.79,64395.98,64421.15,64445.29,64468.96,64490.96,64513.02,64536.53,64558.47,64579.3,64600.12
PK01000128203001,65450.51,65473.76,65497.4,65520.12,65540.4,65560.61,65581.7,65603.49,65623.68,65643.46,65664.73,65686.24,65705.61,65727.05,65748.91,65771.11,65792.99,65812.45,65832.3,65855.79,65879.84,65902.58,65924.49,65946.04,65964.69,65983.7,66004.1,66023.69,66044.14,66062.39
PK01000128555001,7316843.2,7321211.2,7325857.6,7330390.4,7334324.8,7338092.8,7341904,7345745.6,7349579.2,7353443.2,7357544,7361454.4,7365044.8,7369208,7373660.8,7377984,7381971.2,7385883.2,7390072,7394902.4,7399569.6,7404075.2,7408459.2,7412625.6,7416648,7420734.4,7424948.8,7428780.8,7432585.6,7436491.2
PK01000128557001,8771670.4,8775958.4,8780465.6,8785104,8789067.2,8792852.8,8796721.6,8800643.2,8804579.2,8808473.6,8812763.2,8816728,8820364.8,8824614.4,8829100.8,8833472,8837622.4,8841697.6,8845944,8850588.8,8855192,8859665.6,8863995.2,8868233.6,8872315.2,8876395.2,8880574.4,8884476.8,8888243.2,8892048
PK01000128558001,93066.68,93104.13,93142.34,93181.26,93213.8,93245.4,93277.17,93310.11,93343.4,93377.83,93413.01,93445.5,93476.69,93512.15,93549.42,93586.7,93621.85,93657.55,93692.92,93732.48,93771.72,93810.9,93846.2,93882.18,93916.47,93950.73,93985.39,94018.11,94050.2,94082.84
PK01000128559001,80471.28,80516.98,80564.65,80613.15,80654.28,80692.99,80732.06,80772.26,80811.41,80851.74,80893.85,80934.14,80972.17,81013.66,81058.92,81103.63,81146.9,81188.71,81232.02,81279.54,81325.81,81370.33,81415.57,81458.55,81499.84,81541.96,81584.34,81624.29,81662.61,81700.71
PK01000128564001,61287.4,61313.65,61341.09,61369,61392.67,61415.71,61439.15,61463.65,61487.59,61512.24,61537.88,61562.46,61585.17,61610.62,61637.11,61663.54,61689.35,61714.21,61739.53,61767.08,61794.75,61821.81,61847.96,61874.11,61898.77,61923.7,61949.44,61972.96,61996.83,62020.42
PK01000128601001,66774.83,66821.73,66870.28,66919.27,66960.38,67001.41,67043.06,67085.81,67127.1,67168.16,67210.54,67253.15,67293.92,67339.53,67387.46,67433.27,67475.89,67517.93,67564.27,67615.32,67666.5,67715.06,67762.03,67807.76,67848.66,67890.86,67933.86,67975.06,68014.71,68055.99
PK01000128605001,7514020.8,7519353.6,7524931.2,7530627.2,7535331.2,7539841.6,7544444.8,7549169.6,7553616,7558412.8,7563475.2,7568134.4,7572529.6,7577702.4,7582960,7588484.8,7593467.2,7598376,7603587.2,7609361.6,7615139.2,7620756.8,7626104,7631446.4,7636169.6,7641158.4,7646392,7651134.4,7655657.6,7660214.4
PK01000128608001,33962.37,33973.91,33988.94,34002.16,34012.99,34023.81,34035.04,34046.25,34057.35,34068.78,34081.54,34093.15,34103.93,34115.92,34128.17,34141.24,34152.92,34164.45,34177.15,34191.17,34205.02,34217.16,34228.47,34242.51,34253.62,34264.71,34276.45,34287.04,34297.42,34308.46
PK01000128611001,19291284.8,19294996.8,19298897.6,19303022.4,19306198.4,19309224,19312379.2,19315550.4,19318700.8,19321844.8,19325321.6,19328481.6,19331470.4,19334924.8,19338648,19342262.4,19345604.8,19349000,19352632,19356675.2,19360587.2,19364313.6,19367988.8,19371603.2,19374921.6,19378233.6,19381756.8,19384950.4,19388040,19391123.2
PK01000128613001,23346.71,23361.48,23376.4,23392.68,23405.45,23417.41,23428,23439.55,23452.87,23466.66,23481.13,23493.88,23506.77,23521.06,23539.17,23553.77,23566.64,23579.89,23593.85,23610.47,23626,23641.05,23655.56,23669.14,23680.99,23693.83,23706.63,23718.8,23731.28,23743.44
PK01000128621001,209552.4,212559.6,215730,218978.4,221557.2,224118,226694.4,229332,231993.6,234699.6,237612,240306,242896.8,245798.4,248906.4,251947.2,254803.2,257780.4,260802,264178.8,267354,270058.8,273042,275822.4,278488.8,281235.6,284088,286814.4,289332,291894
PK01000128623001,44991.71,45008.44,45027.54,45046.43,45062.23,45078.22,45094.33,45111.5,45126.89,45144,45161.75,45178.23,45193.03,45208.9,45225.51,45241.95,45259.63,45277.34,45292.02,45306.56,45320.9,45333.45,45346.79,45359.71,45372,45384.56,45397.77,45410.08,45421.71,45433.02
PK01000128629001,61592.18,61614.54,61639.53,61663.92,61683.63,61702.19,61721.33,61742.08,61761.84,61781.91,61803.55,61824.36,61843,61864.71,61887.63,61910.91,61932.97,61954.5,61979.2,62005.04,62030.53,62054.29,62076.56,62098.36,62118.59,62139.08,62160.57,62180.5,62199.45,62219.04
PK01000128635001,6475810.8,6480657.6,6485443.2,6490990.8,6495320.4,6499525.2,6503755.2,6508114.8,6512349.6,6516764.4,6521422.8,6525932.4,6530084.4,6534807.6,6539869.2,6544809.6,6549453.6,6553890,6558764.4,6564248.4,6569576.4,6574788,6579709.2,6584496,6588859.2,6593408.4,6598054.8,6602400,6606368.4,6610528.8
PK01000128652001,436475.2,442852.8,449681.6,456113.6,461728,467195.2,472384,478075.2,483795.2,489113.6,494748.8,500012.8,505059.2,510752,516736,522560,527987.2,533516.8,539603.2,546347.2,552870.4,558841.6,564923.2,570764.8,576163.2,581886.4,587856,593238.4,598632,604030.4
PK01000128658001,2381152.8,2384089.2,2387143.2,2390305.2,2392868.4,2395365.6,2397900,2400471.6,2403072,2405665.2,2408421.6,2411038.8,2413443.6,2416185.6,2419076.4,2421984,2424664.8,2427200.4,2429997.6,2433158.4,2436253.2,2439255.6,2442102,2444916,2447521.2,2450168.4,2452894.8,2455406.4,2457898.8,2460429.6
PK01000128665001,48072.67,48100.96,48131,48160.17,48186.46,48212.44,48238.23,48264.2,48289.59,48315.06,48340.26,48366.15,48390.93,48418.52,48447.27,48475.6,48503.39,48528.9,48556.89,48587.13,48617.56,48647.37,48675.74,48704.33,48729.58,48756.6,48785.11,48811.68,48837.5,48863.42
PK01000128746001,43159.37,43182.39,43206.95,43229.46,43249.26,43268.51,43288.19,43308.18,43327.91,43348.17,43367.74,43387.84,43406.92,43429.15,43452.17,43474.8,43496.45,43516.07,43536.98,43561.37,43585.91,43609.12,43631.33,43653.69,43672.89,43693.72,43715.76,43736.69,43756.72,43776.82
PK01000128752001,62469.71,62500.71,62532.11,62561.77,62590.63,62619.22,62648.25,62677.45,62706.6,62734.67,62761.51,62788.76,62815.18,62844.08,62873.91,62903.79,62930.92,62957.99,62987.63,63018.78,63049.71,63080.09,63109.82,63138.67,63164.9,63192.49,63220.56,63248.41,63275.6,63302.15
PK01000128759001,85734.11,85769.52,85814.72,85852.91,85888.73,85922.99,85957.42,85992.92,86029.59,86067.37,86105.68,86143.64,86178.05,86216.64,86257.47,86299.11,86337.64,86372.76,86412.1,86454.15,86496.17,86537.5,86577.06,86617.13,86651.42,86689.44,86726.9,86762.75,86798.33,86833.45
PK01000128771001,47271.88,47286.94,47300.77,47313.64,47327.82,47341.12,47354.94,47369.13,47382.6,47395.56,47407.09,47420.62,47433.26,47448.24,47463.23,47477.82,47490.07,47501.66,47516.19,47531.62,47546.73,47561.92,47575.99,47588.72,47600.64,47614.68,47628.99,47642.97,47656.4,47669.75
PK01000128882001,578709.6,582682.8,586940.4,590956.8,594474,597805.2,601126.8,604689.6,608246.4,611983.2,615550.8,619033.2,622248,625855.2,629683.2,633632.4,637467.6,640821.6,644528.4,648728.4,652868.4,656952,660870,664804.8,668136,671599.2,675255.6,678705.6,682183.2,685610.4
PK01000128929001,53008.44,53034.14,53060.66,53088.07,53109.04,53129.74,53151.07,53172.76,53193.96,53215.47,53238.1,53259.53,53279.03,53301.9,53326.12,53350.29,53372.49,53394.01,53416.06,53441.78,53468.07,53492.92,53517.17,53541.82,53563.59,53585.46,53608.77,53630.41,53651.52,53671.78
PK01000129237001,72601.42,72644.63,72687.98,72732.85,72770.11,72806.52,72843.6,72880.96,72918.78,72955.72,72993.74,73029.72,73065.15,73105.08,73144.71,73185.24,73222,73258.14,73298.25,73341.36,73383.9,73425.83,73467.7,73507.57,73544.19,73583.4,73623.4,73661.21,73697.58,73734.85
PK01000129243001,29787.16,29815.73,29824.93,29831.49,29858.93,29862.76,29873.98,29887.41,29900.69,29914.09,29929.08,29941.64,29955,29967.27,29981.04,29994.43,30009.69,30027.94,30036.07,30049.19,30066.34,30081.37,30095,30110.33,30124.02,30137.37,30150.81,30164.51,30177.77,30190.63
PK01000129244001,166792,169044,171389,173768,175745,177640,179587,181561,183501,185578,187875,189977,191858,192932,196254,198418,200425,202461,204646,206945,209366,211601,213706,215771,217778,219796,221845,223764,225632,227572
PK01000129246001,81314.45,81340.42,81366.24,81394.94,81417.45,81439.29,81461.73,81484.44,81506.07,81530.72,81554.88,81577.98,81599.54,81622.66,81649.87,81673.08,81697.15,81721.73,81746.13,81773.1,81799.98,81826.01,81851.57,81878.1,81902,81924.53,81948.58,81972.1,81994.94,82017.81
PK01000129253001,5882983.2,5886620.4,5890485.6,5894317.2,5897571.6,5900767.2,5904018,5907298.8,5910526.8,5913831.6,5917273.2,5920519.2,5923558.8,5926935.6,5930533.2,5934147.6,5937478.8,5940702,5944249.2,5948155.2,5952028.8,5955708,5959243.2,5962756.8,5965873.2,5969145.6,5972652,5975888.4,5979049.2,5982224.4
PK01000129254001,78247.13,78284.35,78322.83,78361.45,78393.7,78425.77,78458.39,78491.44,78524.23,78557.85,78592.48,78625.11,78655.89,78690.46,78725.8,78761.31,78794.76,78827.51,78862.44,78900.48,78938.31,78975.6,79011.24,79046.58,79079.08,79112.26,79146.95,79179.84,79212.11,79244.33
PK01000129278001,3736545.6,3738411.2,3740392,3742424.8,3744026.4,3745636.8,3747288.8,3749101.6,3750736.8,3752459.2,3754169.6,3755808.8,3757404,3759153.6,3760924,3762708.8,3764408,3766044.8,3767901.6,3769862.4,3771775.2,3773638.4,3775496,3777380.8,3779167.2,3780954.4,3782784.8,3784516,3786159.2,3787931.2
PK01000129280001,7532481.6,7537208,7542195.2,7547217.6,7551340.8,7555363.2,7559542.4,7563806.4,7568075.2,7572380.8,7576884.8,7581267.2,7585288,7589816,7594649.6,7599428.8,7604030.4,7608449.6,7613105.6,7618219.2,7623297.6,7628240,7632880,7637657.6,7641996.8,7646443.2,7651099.2,7655459.2,7659705.6,7663862.4
PK01000129317001,38761.1,38778.08,38789.34,38799.28,38816.39,38832.55,38848.72,38864.86,38881.39,38891.57,38901.72,38918.74,38934.79,38952.01,38968.92,38985.65,38996.12,39006.02,39023.59,39041.32,39058.79,39076.59,39093.14,39104.36,39114.67,39131.96,39150.34,39166.71,39183.23,39199.29
PK01000129319001,60256.86,60293.8,60331.34,60369.69,60402.13,60433.41,60465.61,60498.03,60530.71,60564.54,60598.45,60631.86,60662.83,60697.12,60733.37,60769.81,60804.64,60837.33,60872.34,60910.12,60947.24,60983.55,61018.13,61053.07,61084.67,61117.45,61151.88,61184.24,61216.04,61247.76
PK01000129327001,4997369.6,5001585.6,5005928,5009657.6,5013844.8,5017440,5021084.8,5024817.6,5028550.4,5032404.8,5036345.6,5039572.8,5043700.8,5047640,5051832,5055904,5059803.2,5063569.6,5067524.8,5071918.4,5076196.8,5080401.6,5084409.6,5088388.8,5092067.2,5095848,5099795.2,5103384,5106139.2,5109568
PK01000129331001,233080,236308,239666,243150,246168,249016,251946,254870,257802,260748,263888,266946,269768,271158,276030,279310,282326,285374,288446,291860,295332,298732,301958,305098,308120,311150,314252,317152,320084,322918
PK01000129333001,2261684.8,2263836,2266076,2268252,2270248,2272124,2274044.8,2275993.6,2277922.4,2279883.2,2281804.8,2283751.2,2285585.6,2287594.4,2289693.6,2291852,2293955.2,2295891.2,2297907.2,2300116.8,2302384,2304514.4,2306576.8,2308610.4,2310499.2,2312414.4,2314432.8,2316372,2318344,2320182.4
PK01000129336001,62996.89,63014.53,63033.06,63051.98,63066.69,63081.09,63095.92,63110.87,63126.08,63141.61,63157.9,63172.99,63187.27,63203.15,63219.73,63236.24,63252.6,63268.34,63284.25,63301.9,63320.04,63337.67,63354.33,63371.28,63386.75,63401.68,63417.44,63432.61,63447.7,63461.93
PK01000129342001,59136.5,59151.95,59191.88,59215.81,59236.63,59254.52,59293.3,59304.3,59341.58,59354.63,59390.87,59416.58,59439.97,59443.71,59473.64,59501.64,59527.96,59568.84,59595.32,59623.71,59627.58,59680.03,59707.22,59734.08,59757.47,59782.38,59805.51,59816.71,59855.87,59873.53
PK01000129388001,39589.64,39600.81,39613.03,39625.13,39635.39,39645.52,39655.81,39666.36,39676.76,39687.06,39697.47,39707.91,39717.55,39728.35,39739.83,39750.82,39761.48,39771.85,39783.03,39793.18,39805.04,39816.57,39827.87,39838.8,39848.6,39858.9,39869.47,39878.81,39888.13,39897.64
PK01000129509001,3406740,3408652.8,3410696,3412842.4,3414475.2,3416029.6,3417654.4,3419299.2,3420924,3422609.6,3424458.4,3426125.6,3427640.8,3429424.8,3431327.2,3433156.8,3434832,3436600.8,3438415.2,3440417.6,3442363.2,3444319.2,3446108.8,3447984.8,3449675.2,3451441.6,3453292,3455050.4,3456715.2,3458328
PK01000129605001,38166.64,38183.37,38200.29,38217.75,38232.76,38247.45,38262.42,38277.75,38292.99,38308.28,38323.98,38339.75,38354.12,38370.19,38387.05,38403.41,38418.93,38433.64,38449.7,38467.38,38485.19,38501.41,38517.29,38532.94,38547.03,38561.7,38577.54,38592.75,38607.35,38621.76
PK01000129607001,533359.2,541291.2,549386.4,556996.8,563748,570436.8,577130.4,584040,590848.8,597960,604618.8,611546.4,617956.8,625390.8,633500.4,641034,647983.2,654344.4,661800,670017.6,677982,685856.4,693204,700324.8,706899.6,713821.2,721053.6,727910.4,734534.4,741049.2
PK01000130058001,48725.57,48741.28,48757.7,48775.04,48789.22,48802.65,48816.31,48830.28,48844.31,48859.33,48874.56,48889.04,48901.94,48916.38,48931.29,48946.55,48961.03,48974.62,48989.36,49006.27,49022.92,49039.24,49055.18,49071.58,49086.39,49100.69,49116.07,49130.6,49144.95,49158.88
PK01000130177001,2842862,2846158,2849208,2852150,2855318,2858410,2861490,2864640,2867836,2870686,2873336,2876508,2879514,2882724,2886130,2889556,2892360,2895004,2898164,2901692,2905216,2908586,2911830,2914682,2917132,2920252,2923424,2926390,2929354,2932206
PK01000130490001,198570,201541.2,204445.2,207325.2,209841.6,212397.6,214866,217286.4,219703.2,222213.6,224725.2,227398.8,229846.8,232574.4,235411.2,238308,241008,243520.8,246330,249249.6,252093.6,255043.2,257925.6,260624.4,263055.6,265604.4,268190.4,270625.2,273072,275422.8
PK01000130729001,48461.86,48486,48513.03,48540.61,48562.97,48583.63,48604.88,48626.9,48648.94,48671.83,48697.25,48719.76,48741.1,48764.88,48790.59,48816.22,48839.92,48863.05,48887.92,48914.65,48940.71,48966.95,48991.71,49017.13,49041.79,49065.45,49090.03,49112.88,49134.2,49155.35
PK01000131066001,54394.77,54415.09,54436.1,54456.93,54475.01,54493.67,54512.58,54531.77,54549.89,54568.45,54587.84,54606.12,54625.46,54644.73,54664.88,54684.98,54704.33,54723.75,54743.62,54764.63,54785.83,54806.53,54826.97,54847.35,54866.18,54885.73,54905.72,54923.85,54941.96,54959.68
PK0100T134783001,59273.74,59306.78,59339.11,59370.89,59401.39,59430.62,59460.29,59491.7,59522.53,59552.79,59580.65,59611.6,59639.8,59672.09,59705.51,59739.33,59770.07,59798.42,59832.18,59867.94,59902.87,59937.18,59970.48,60002.79,60029.18,60060.79,60092.85,60123.03,60151.78,60179.24
PK0100T134822001,66888.13,66922.62,66955.16,66986.88,67017.91,67048,67079.18,67111.04,67143.27,67170.67,67199.91,67232.36,67262.05,67296.63,67333.08,67369.54,67398.24,67426.1,67461.12,67499.65,67537.4,67574.22,67611.52,67642.65,67670.05,67703.02,67737.68,67769.68,67800.86,67831.06
PK0100T134840001,12718156,12724698,12731476,12738218,12744158,12749736,12755418,12761220,12766922,12772672,12778556,12784556,12790092,12796398,12803076,12809586,12815774,12821376,12827626,12834624,12841556,12848496,12855012,12861502,12867238,12873250,12879692,12886006,12892212,12898076
PK0100T134845001,20445.12,20454.46,20464.48,20474.51,20483.24,20491.81,20500.35,20508.94,20517.59,20526.07,20534.98,20543.62,20551.77,20560.25,20569.2,20578.01,20586.26,20594.55,20603.18,20612.35,20621.73,20630.79,20639.62,20648.58,20656.98,20665.24,20674.01,20682.69,20691.44,20699.44
PK0100T134846001,88734.97,88765.55,88798.18,88832.36,88858.48,88884.11,88910.47,88936.94,88963.66,88990.02,89018.75,89045.26,89070.19,89098.96,89129.86,89160.07,89187.47,89214.85,89244.15,89277,89309.27,89341.31,89372.23,89401.39,89429.8,89457.97,89487.67,89514.36,89540.9,89567.81
PK0100T134870001,53305.95,53336.72,53366.58,53398.48,53427.37,53454.84,53482.68,53511.2,53539.57,53566.02,53593.58,53622.86,53649.77,53678.48,53708.43,53737.83,53765.69,53792.91,53821.84,53852.54,53883.42,53913.99,53943.38,53971.93,53999.16,54027.76,54057.01,54085.71,54114.23,54141.57
PK0100T134883001,81834.18,81867.01,81900.58,81936.69,81965.61,81993.18,82021.25,82050.35,82079.68,82108.89,82140.89,82170.5,82197.59,82227.61,82260.16,82292.08,82322.99,82353.68,82385.33,82420.87,82455.42,82489.03,82521.07,82554.16,82585.48,82615.79,82647.8,82677.84,82706.47,82734.79
PK0100T135095001,94525.85,94565.96,94605.55,94642.28,94676.46,94710.22,94744.66,94780.58,94816.08,94851.19,94883.01,94918.08,94951.43,94988.29,95027.32,95066.13,95101.25,95132.24,95169.46,95210.84,95251.38,95291.37,95328.23,95366.67,95397.34,95432.88,95470.39,95505.44,95540.06,95573.47
PK0100T135139001,229683.2,232915.2,236096,239443.2,242232,244884.8,247616,250446.4,253187.2,256014.4,259036.8,261923.2,264587.2,265916.8,270593.6,273635.2,276601.6,279308.8,282176,285417.6,288718.4,292016,295136,298246.4,301056,303753.6,306635.2,309489.6,312396.8,315184
PK0100T135142001,43489.3,43505.08,43520.08,43539.87,43564.2,43588.52,43612.61,43637.1,43661.25,43680.13,43694.94,43719.79,43742.87,43768.67,43795.38,43821.68,43840.86,43855.96,43881.27,43908.38,43935.85,43962.91,43990.01,44011.57,44026.07,44050.23,44076.16,44099.76,44123.09,44147.24
PK0100T135151001,10884328.8,10887967.2,10891595.2,10895264,10898463.2,10901622.4,10904856,10908295.2,10911544,10915036,10918379.2,10921671.2,10924855.2,10928297.6,10931721.6,10935227.2,10938645.6,10941767.2,10945243.2,10948904.8,10952557.6,10956059.2,10959447.2,10962914.4,10965994.4,10969185.6,10972601.6,10975793.6,10978969.6,10982144
PK0100T135154001,93661.46,93703.21,93746.56,93791.81,93829.57,93866.76,93904.51,93942.51,93980.7,94019.84,94059.98,94098.76,94135.05,94176.07,94218.75,94261.13,94301.54,94341.42,94382.27,94427.15,94472.13,94516.74,94558.06,94600.03,94638.62,94677.67,94718.36,94756.51,94793.73,94830.03
PK0100T135155001,40423.75,40458.42,40495.02,40533.37,40564.45,40594.27,40624.6,40656.66,40689.18,40721.73,40754.62,40786.27,40814.59,40848.3,40884.49,40918.35,40951.4,40982.4,41014.21,41051.31,41088.29,41124.22,41157.63,41192.44,41223.85,41254.84,41288.08,41319.68,41350.93,41380.99
PK0100T135165001,51754.97,51770.97,51787.71,51805.15,51818.72,51831.81,51845.18,51858.67,51872.33,51886.56,51901.45,51915.95,51928.95,51944.15,51960.4,51976.05,51990.33,52004.59,52019.95,52036.87,52053.76,52070.56,52086.53,52101.98,52116.09,52131.2,52146.61,52161.04,52175.25,52189.29
PK0100T135168001,4204605.6,4206462,4208300.4,4210246.8,4211862,4213428,4214985.6,4216567.2,4218108,4219669.2,4221334.8,4222891.2,4224357.6,4226002.8,4227760.8,4229518.8,4231268.4,4232996.4,4234653.6,4236444,4238256,4240017.6,4241793.6,4243598.4,4245348,4246946.4,4248614.4,4250264.4,4251921.6,4253534.4
PK0100T135211001,852843.6,854172.6,855514.8,856756.5,857865,858993.6,860141.4,861298.8,862459.5,863655.3,864746.7,865881.9,866998.8,868234.2,869527.5,870749.1,871905.9,872925,874226.7,875643.3,877064.4,878294.1,879616.5,880866,881954.7,883243.5,884575.2,885765,886852.2,888027.3
PK0100T135807001,111811.2,113294.4,114996.8,116333.6,117848.8,119386.4,120849.6,122528,124129.6,125564.8,126910.4,128435.2,129929.6,130808,133080,134713.6,136220,137613.6,139296.8,140979.2,142668.8,144404.8,146049.6,147580.8,148951.2,150565.6,152175.2,153703.2,155218.4,156764.8
PK0100T135827001,202154.4,205012.8,207979.2,210975.6,213487.2,215772,218130,220563.6,223051.2,225549.6,228367.2,230934,233332.8,236181.6,239176.8,242206.8,244916.4,247620,250544.4,253737.6,256942.8,260037.6,263092.8,265971.6,268597.2,271382.4,274216.8,276766.8,279207.6,281719.2
PK0100T135836001,54882.04,54905.86,54931.47,54957.99,54977.94,54997.4,55017.32,55037.91,55059.61,55081.61,55105.33,55127.39,55147.74,55170.25,55194.57,55218.75,55241.65,55264.71,55288.01,55313.81,55339.09,55364.07,55387.56,55411.76,55434.57,55456.64,55479.8,55501.98,55523.03,55543.6
PK0100T135840001,3838959.6,3843020.4,3847352.4,3851823.6,3855385.2,3858807.6,3862306.8,3865870.8,3869494.8,3873177.6,3877230,3880922.4,3884358,3888264,3892454.4,3896600.4,3900500.4,3904294.8,3908352,3912828,3917272.8,3921598.8,3925647.6,3929571.6,3933252,3937104,3941050.8,3944616,3948049.2,3951642
PK0100T135856001,2502808.8,2504705.6,2506794.4,2508841.6,2510497.6,2512119.2,2513700,2515427.2,2517141.6,2518958.4,2520829.6,2522556,2524124,2525928,2527795.2,2529668,2531420.8,2533159.2,2534882.4,2536735.2,2538655.2,2540471.2,2542211.2,2544084.8,2545782.4,2547459.2,2549200,2550814.4,2552448,2554064
PK0100T135891001,28165.5,28177.6,28190.11,28205.09,28216.61,28227.21,28237.43,28247.55,28257.2,28268.41,28281.04,28292.31,28303.5,28315.41,28328.63,28341.67,28354.07,28366.98,28379.52,28393.17,28406.2,28419.45,28431.61,28444.63,28457.01,28469.49,28482,28493.29,28504.04,28515.06
PK0100T135924001,2894980.8,2896584.8,2898237.6,2899892.8,2901282.4,2902644.8,2904065.6,2905512,2906883.2,2908345.6,2909867.2,2911320,2912656.8,2914184,2915850.4,2917356,2918808,2920265.6,2921715.2,2923280.8,2924816,2926291.2,2927752.8,2929235.2,2930593.6,2931936,2933328,2934656,2935946.4,2937247.2
PK0100T135935001,71615.94,71640.42,71671.36,71697.06,71716.24,71737.7,71764.51,71788.29,71811.83,71835.83,71862.15,71886.71,71909.76,71934.03,71960.86,71984.54,72009.84,72033.14,72059.4,72085.64,72111.8,72137.06,72163.46,72188.83,72211.94,72236.22,72260.89,72283.84,72309.14,72332.83
PK0100T135942001,3404775.2,3406961.6,3409166.4,3411430.4,3413368,3415277.6,3417167.2,3419121.6,3421142.4,3423111.2,3425060,3427064.8,3428923.2,3431051.2,3433288.8,3435540,3437636.8,3439568,3441617.6,3443873.6,3446093.6,3448271.2,3450290.4,3452435.2,3454406.4,3456387.2,3458466.4,3460463.2,3462505.6,3464484.8
PK0100T135950001,2848081.6,2849708.8,2851336,2853010.4,2854380,2855745.6,2857108,2858495.2,2859834.4,2861234.4,2862656.8,2864060.8,2865353.6,2866799.2,2868341.6,2869834.4,2871233.6,2872655.2,2874140.8,2875752,2877353.6,2878876,2880321.6,2881769.6,2883094.4,2884493.6,2885985.6,2887381.6,2888720,2890032
PK0100T135953001,1778774.4,1779924.8,1781076.8,1782193.6,1783249.6,1784272,1785298.4,1786356,1787389.6,1788547.2,1789723.2,1790841.6,1791847.2,1793006.4,1794246.4,1795445.6,1796573.6,1797647.2,1798806.4,1800082.4,1801372.8,1802586.4,1803748,1804904.8,1805923.2,1806964.8,1808067.2,1809150.4,1810163.2,1811211.2
PK0100T135956001,106493.1,106711.2,106919.1,107130,107308.5,107470.5,107637,107799.6,107973.9,108156.3,108333,108511.2,108663.6,108850.5,109044.6,109223.4,109401.6,109563.9,109721.4,109909.5,110095.5,110284.5,110456.1,110666.7,110826.6,110965.5,111134.4,111298.2,111469.2,111620.4
PK0100T135998001,2212572,2216062.8,2219802,2223213.6,2226716.4,2230227.6,2233842,2237532,2241145.2,2244856.8,2248273.2,2251863.6,2255350.8,2259290.4,2263330.8,2267248.8,2270761.2,2273947.2,2277778.8,2281779.6,2285756.4,2289828,2293560,2297258.4,2300512.8,2304081.6,2307861.6,2311358.4,2314700.4,2318145.6
PK0100T136006001,1969516.8,1972040.4,1975036.8,1978054.8,1980228,1982383.2,1984551.6,1986769.2,1988948.4,1991138.4,1993462.8,1995708,1997818.8,2000181.6,2002725.6,2005148.4,2007440.4,2009704.8,2012173.2,2014909.2,2017588.8,2020117.2,2022626.4,2025108,2027409.6,2029724.4,2032149.6,2034348,2036470.8,2038578
PK0100T136008001,970.12,971.29,972.59,973.58,974.62,975.64,976.64,977.88,979.04,979.88,980.77,981.81,982.79,983.56,985.92,989.33,992.62,995.95,999.15,1001.11,1002.03,1002.9,1003.96,1004.62,1005.09,1005.79,1006.71,1007.74,1008.69,1009.6
PK0100T136012001,206729.6,207141.4,207555.6,207993.4,208345,208695.6,209068.6,209451.2,209839.4,210201.2,210556.8,210938.8,211282.2,211639.4,212022.2,212425.6,212836,213209.4,213594,214021.8,214460,214883.4,215291.4,215699,216052.2,216434.2,216841.8,217231.8,217606.4,217975.4
PK0100T136013001,12681.61,12701.62,12720.51,12742.56,12759.34,12776,12792.95,12810.56,12827.5,12844.26,12862.95,12882.08,12900.27,12919.33,12939.4,12960.69,12980.03,12998.37,13018.02,13039.31,13061.31,13082.31,13100.04,13120.11,13139.35,13157.86,13177.4,13196.3,13215.63,13234.48
PK0100T136028001,1151544,1152508.8,1153280.4,1153720.8,1154702.4,1155604.8,1156519.2,1157367.6,1158241.2,1158926.4,1159330.8,1160259.6,1161204,1162262.4,1163232,1164208.8,1164963.6,1165449.6,1166366.4,1167298.8,1168200,1169072.4,1170008.4,1170784.8,1171149.6,1172179.2,1173223.2,1174034.4,1174861.2,1175680.8
PK0100T136032001,2291345.6,2294140,2297772.8,2301176.8,2303887.2,2306480.8,2309121.6,2311829.6,2314592,2317401.6,2320530.4,2323249.6,2325857.6,2328807.2,2331943.2,2335006.4,2337865.6,2340720,2343716.8,2346957.6,2350156.8,2353298.4,2356327.2,2359395.2,2362227.2,2365184.8,2368110.4,2370871.2,2373524,2376146.4
PK0100T136033001,1744549.6,1746776.8,1749199.2,1751654.4,1753682.4,1755656,1757668.8,1759756,1761789.6,1763859.2,1766047.2,1768128,1770039.2,1772254.4,1774603.2,1776917.6,1779098.4,1781252,1783541.6,1786059.2,1788482.4,1790884,1793220,1795481.6,1797634.4,1799804,1802048.8,1804056,1806009.6,1808013.6
PK0100T136035001,1660036,1662095.2,1664734.4,1667144.8,1669071.2,1670954.4,1672877.6,1674824.8,1676838.4,1679098.4,1681448.8,1683446.4,1685308,1687420,1689628.8,1691824.8,1693861.6,1695988,1698224,1700632.8,1702986.4,1705308.8,1707548.8,1709783.2,1711726.4,1713738.4,1715855.2,1717760.8,1719578.4,1721544.8
PK0100T136038001,56430.54,56455.35,56487.47,56518.23,56543.73,56567.9,56592.75,56618.29,56644.38,56669.82,56696.41,56722.28,56747.25,56774.89,56803.89,56832.21,56859.79,56885.51,56912.61,56943.39,56974.67,57005.14,57034.33,57063.4,57089.81,57116.57,57144.28,57171.26,57196.96,57221.93
PK0100T136046001,1018669.2,1021030.8,1023469.2,1025967.6,1028071.2,1030021.2,1032008.4,1033983.6,1036045.2,1038094.8,1040326.8,1042386,1044363.6,1046586,1048911.6,1051245.6,1053297.6,1055517.6,1057797.6,1060360.8,1062849.6,1065208.8,1067319.6,1069761.6,1071880.8,1074006,1076266.8,1078285.2,1080240,1082208
PK0100T136063001,1201833.6,1204814.4,1207747.2,1210412.4,1213207.2,1216020,1218858,1221758.4,1224643.2,1227441.6,1229974.8,1232870.4,1235473.2,1238451.6,1241512.8,1244714.4,1247571.6,1250050.8,1253053.2,1256116.8,1259172,1262155.2,1265080.8,1267756.8,1270083.6,1272922.8,1275750,1278466.8,1281094.8,1283709.6
PK0100T136066001,174056.4,176593.2,179300.4,181946.4,184298.4,186591.6,188913.6,191229.6,193614,196086,198559.2,200887.2,203080.8,205587.6,208070.4,210571.2,212928,215257.2,217609.2,220310.4,222800.4,225279.6,227667.6,229964.4,232234.8,234403.2,236694,238940.4,241070.4,243148.8
PK0100T136067001,296652,300708,304784.4,308856,312567.6,316063.2,319484.4,323008.8,326577.6,330130.8,333675.6,337248,340593.6,344367.6,348249.6,352332,355963.2,359637.6,363507.6,367699.2,371888.4,375858,379864.8,383589.6,387008.4,390730.8,394648.8,398299.2,401766,405184.8
PK0100T136068001,150411.6,152643.6,154964.4,157372.8,159237.6,161044.8,162928.8,164806.8,166719.6,168754.8,170820,172784.4,174574.8,176592,178749.6,180836.4,182769.6,184684.8,186700.8,188906.4,191156.4,193424.4,195540,197695.2,199610.4,201547.2,203542.8,205423.2,207219.6,209004
PK0100T136070001,154714.8,156866.4,159216,161642.4,163569.6,165430.8,167322,169230,171120,173104.8,175239.6,177181.2,179025.6,181100.4,183403.2,185581.2,187659.6,189734.4,191880,194349.6,196782,199150.8,201394.8,203572.8,205627.2,207631.2,209794.8,211768.8,213626.4,215508
PK0100T136071001,169771.2,172179.6,174734.4,177331.2,179528.4,181645.2,183784.8,186007.2,188122.8,190304.4,192669.6,194871.6,196981.2,199324.8,201968.4,204499.2,206784,209071.2,211526.4,214200,216850.8,219466.8,221925.6,224372.4,226659.6,229022.4,231423.6,233590.8,235702.8,237823.2
PK0100T136072001,182557.2,185162.4,187856.4,190510.8,192760.8,194907.6,197175.6,199495.2,201807.6,204145.2,206666.4,209035.2,211185.6,213537.6,216158.4,218712,221161.2,223515.6,225958.8,228699.6,231379.2,233970,236426.4,238834.8,241192.8,243619.2,246144,248442,250681.2,252914.4
PK0100T136073001,169753.2,172245.6,174990,177654,179845.2,181930.8,184068,186202.8,188318.4,190573.2,192994.8,195169.2,197262,199657.2,202242,204759.6,207084,209414.4,211887.6,214665.6,217317.6,219615.6,222146.4,224535.6,226816.8,229113.6,231505.2,233780.4,235879.2,238012.8
PK0100T136074001,269572.8,273295.2,277234.8,281311.2,284594.4,287742,290964,294254.4,297560.4,301050,304701.6,308066.4,311205.6,314787.6,318621.6,322443.6,326035.2,329545.2,333204,337330.8,341367.6,345258,348967.2,352692,356155.2,359589.6,363160.8,366517.2,369709.2,372958.8
PK0100T136075001,278757.6,282705.6,286794,290536.8,294128.4,297772.8,301305.6,305054.4,308798.4,312556.8,316201.2,319791.6,323306.4,327015.6,331074,335082,338730,342218.4,346148.4,350181.6,354219.6,358232.4,361950,365727.6,368986.8,372657.6,376340.4,379812,383186.4,386678.4
PK0100T136076001,211242,214014,217230,220111.2,222633.6,225243.6,227960.4,230774.4,233380.8,236157.6,239204.4,241856.4,244548,247348.8,248854.8,252904.8,255620.4,258388.8,261068.4,263842.8,266557.2,269306.4,271996.8,274764,277351.2,279884.4,282486,284821.2,287245.2,289627.2
